,App,Category,Rating,Reviews,Size,Installs,Type,Price,Content Rating,Genres,Last Updated,Current Ver,Android Ver
0,TurboScan: scan documents and receipts in PDF,BUSINESS,4.7,11442.0,6800.0K,100000.0,Paid,4.99,Everyone,Business,March 25 2018,1.5.2,4.0 and up
1,Tiny Scanner Pro: PDF Doc Scan,BUSINESS,4.8,10295.0,39000.0K,100000.0,Paid,4.99,Everyone,Business,April 11 2017,3.4.6,3.0 and up
2,TurboScan: scan documents and receipts in PDF,BUSINESS,4.7,11442.0,6800.0K,100000.0,Paid,4.99,Everyone,Business,March 25 2018,1.5.2,4.0 and up
3,Tiny Scanner Pro: PDF Doc Scan,BUSINESS,4.8,10295.0,39000.0K,100000.0,Paid,4.99,Everyone,Business,April 11 2017,3.4.6,3.0 and up
4,Calculator,DATING,2.6,57.0,6200.0K,1000.0,Paid,6.99,Everyone,Dating,October 25 2017,1.1.6,4.0 and up
5,AMBW Dating App: Asian Men Black Women Interracial,DATING,3.5,2.0,17000.0K,100.0,Paid,7.99,Mature 17,Dating,January 21 2017,1.0.1,4.0 and up
6,Sago Mini Hat Maker,EDUCATION,4.9,11.0,63000.0K,1000.0,Paid,3.99,Everyone,Education;Pretend Play,July 24 2017,1.0,4.0.3 and up
7,Fuzzy Numbers: Pre-K Number Foundation,EDUCATION,4.7,21.0,44000.0K,1000.0,Paid,5.99,Everyone,Education;Education,July 21 2017,1.3,4.1 and up
8,Toca Life: City,EDUCATION,4.7,31085.0,24000.0K,500000.0,Paid,3.99,Everyone,Education;Pretend Play,July 6 2018,1.5-play,4.4 and up
9,Toca Life: Hospital,EDUCATION,4.7,3528.0,24000.0K,100000.0,Paid,3.99,Everyone,Education;Pretend Play,June 12 2018,1.1.1-play,4.4 and up
10,Meme Generator,ENTERTAINMENT,4.6,3771.0,53000.0K,100000.0,Paid,2.99,Mature 17,Entertainment,August 3 2018,4.426,4.1 and up
11,Paprika Recipe Manager,FOOD_AND_DRINK,4.1,1268.0,2300.0K,50000.0,Paid,4.99,Everyone,Food & Drink,June 3 2018,1.4.4,4.0 and up
12,Meditation Studio,HEALTH_AND_FITNESS,4.6,1026.0,29000.0K,10000.0,Paid,3.99,Everyone,Health & Fitness,May 15 2018,1.0.6,4.3 and up
13,The Game of Life,GAME,4.4,18621.0,63000.0K,100000.0,Paid,2.99,Everyone,Board,July 4 2018,2.1.2,4.4 and up
14,Clue,GAME,4.6,19922.0,35000.0K,100000.0,Paid,1.99,Everyone 10,Board,July 30 2018,2.2.5,5.0 and up
15,The Room: Old Sins,GAME,4.9,21119.0,48000.0K,100000.0,Paid,4.99,Everyone,Puzzle,April 18 2018,1.0.1,4.4 and up
16,The Escapists,GAME,4.4,7412.0,84000.0K,100000.0,Paid,4.99,Teen,Strategy,April 26 2018,1.1.0,2.3 and up
17,RollerCoaster Tycoon¬Æ Classic,GAME,4.6,10795.0,69000.0K,100000.0,Paid,5.99,Everyone,Simulation,December 21 2017,1.2.1.1712080,4.0.3 and up
18,Call of Duty:Black Ops Zombies,GAME,4.2,13004.0,46000.0K,100000.0,Paid,6.99,Teen,Action,December 20 2016,1.0.11,2.3.3 and up
19,Star Wars ‚Ñ¢: DIRTY,GAME,4.5,38207.0,15000.0K,100000.0,Paid,9.99,Teen,Role Playing,October 19 2015,1.0.6,4.1 and up
20,Monument Valley 2,GAME,4.6,9394.0,33000.0K,100000.0,Paid,4.99,Everyone,Puzzle,November 30 2017,1.2.9,4.4 and up
21,Toca Mystery House,FAMILY,4.2,96.0,79000.0K,5000.0,Paid,3.99,Everyone,Educational;Creativity,June 14 2018,1.0.1,4.4 and up
22,My Little Princess : Stores,FAMILY,4.3,169.0,60000.0K,5000.0,Paid,2.99,Everyone,Educational;Pretend Play,May 25 2018,1.08,4.1 and up
23,Sago Mini Big City,FAMILY,4.2,8.0,44000.0K,1000.0,Paid,3.99,Everyone,Education;Pretend Play,July 9 2018,1.1,4.4 and up
24,Pinkalicious Party,FAMILY,3.0,2.0,82000.0K,500.0,Paid,2.99,Everyone,Educational;Creativity,June 25 2018,1.5.0,4.1 and up
25,Toca Life: City,FAMILY,4.7,31100.0,24000.0K,500000.0,Paid,3.99,Everyone,Education;Pretend Play,July 6 2018,1.5-play,4.4 and up
26,My Little Work ‚Äì Garage,FAMILY,4.3,560.0,44000.0K,10000.0,Paid,3.99,Everyone,Casual;Education,June 17 2015,2.0.1,2.3 and up
27,Alizay pirate girl,FAMILY,4.5,197.0,11000.0K,1000.0,Paid,2.99,Everyone,Casual;Action & Adventure,March 23 2017,4.0.2,2.3 and up
28,Hactar Go,FAMILY,4.8,97.0,3500.0K,1000.0,Paid,2.99,Everyone,Board;Brain Games,March 30 2018,2.4.15,4.0 and up
29,All-in-One Mahjong 3,FAMILY,4.4,38.0,16000.0K,100.0,Paid,0.99,Everyone,Board;Brain Games,June 14 2018,20180609.0,4.0 and up
30,World Racers family board game,FAMILY,4.8,4.0,42000.0K,100.0,Paid,0.99,Everyone,Board;Pretend Play,September 3 2015,1.1,5.1 and up
31,SweetLand ‚Äî Family Board Game,FAMILY,4.2,38.0,47000.0K,1000.0,Paid,0.99,Everyone,Casual;Pretend Play,November 14 2014,1.2,2.3.3 and up
32,Steam: Rails to Riches,FAMILY,4.2,214.0,67000.0K,5000.0,Paid,4.99,Everyone,Board;Brain Games,December 13 2017,3.3.1,4.1 and up
33,Whoowasit? - Best kids game!,FAMILY,4.0,248.0,26000.0K,5000.0,Paid,2.99,Everyone,Board;Action & Adventure,July 24 2018,1.6,4.1 and up
34,Lanterns: The Harvest Festival,FAMILY,4.7,185.0,72000.0K,1000.0,Paid,4.99,Everyone,Board;Brain Games,May 1 2018,1.16.5,4.1 and up
35,Tsuro - The Game of the Path,FAMILY,4.7,2195.0,37000.0K,10000.0,Paid,2.99,Everyone,Board;Brain Games,August 2 2016,1.3.3,2.3 and up
36,THE aMAZEing Labyrinth,FAMILY,3.9,1615.0,1200.0K,10000.0,Paid,4.99,Everyone,Board;Brain Games,February 9 2016,1.0.3,4.0 and up
37,Chess and Mate,FAMILY,4.5,359.0,17000.0K,5000.0,Paid,4.99,Everyone,Board;Brain Games,August 12 2015,2.0.5,2.3 and up
38,Avokiddo Emotions,FAMILY,4.6,73.0,12000.0K,1000.0,Paid,2.99,Everyone,Education;Pretend Play,May 21 2018,1.7.0,4.0.3 and up
39,Nighty Night Circus,FAMILY,4.3,382.0,15000.0K,10000.0,Paid,2.99,Everyone,Education;Action & Adventure,March 7 2017,2.6,2.3 and up
40,Sago Mini Babies,FAMILY,4.5,253.0,83000.0K,10000.0,Paid,3.99,Everyone,Education;Pretend Play,October 28 2016,1.1,4.0.3 and up
41,Dr. Panda & Toto's Treehouse,FAMILY,4.4,3396.0,9500.0K,50000.0,Paid,3.99,Everyone,Casual;Pretend Play,December 9 2014,1.8,4.0 and up
42,Avokiddo Emotions,FAMILY,4.6,73.0,12000.0K,1000.0,Paid,2.99,Everyone,Education;Pretend Play,May 21 2018,1.7.0,4.0.3 and up
43,Nighty Night Circus,FAMILY,4.3,382.0,15000.0K,10000.0,Paid,2.99,Everyone,Education;Action & Adventure,March 7 2017,2.6,2.3 and up
44,Sago Mini Babies,FAMILY,4.5,253.0,83000.0K,10000.0,Paid,3.99,Everyone,Education;Pretend Play,October 28 2016,1.1,4.0.3 and up
45,Dr. Panda & Toto's Treehouse,FAMILY,4.4,3396.0,9500.0K,50000.0,Paid,3.99,Everyone,Casual;Pretend Play,December 9 2014,1.8,4.0 and up
46,Card Wars - Adventure Time,FAMILY,4.3,129603.0,23000.0K,1000000.0,Paid,2.99,Everyone 10,Card;Action & Adventure,February 11 2016,1.11.0,2.3.3 and up
47,Monash Uni Low FODMAP Diet,MEDICAL,4.2,1135.0,12000.0K,100000.0,Paid,9.00,Everyone,Medical,July 16 2018,2.0.7,4.0 and up
48,iBP Blood Pressure,MEDICAL,4.4,578.0,704k,10000.0,Paid,0.99,Everyone,Medical,November 30 2014,7.0.1,2.2 and up
49,Pedi STAT,MEDICAL,4.6,129.0,2900.0K,10000.0,Paid,5.49,Everyone,Medical,April 6 2018,3.0.1.0,4.1 and up
50,ASCCP Mobile,MEDICAL,4.5,63.0,25000.0K,10000.0,Paid,9.99,Everyone,Medical,October 3 2016,2.1.1,2.2 and up
51,Paramedic Protocol Provider,MEDICAL,4.5,171.0,20000.0K,10000.0,Paid,10.00,Everyone 10,Medical,September 21 2017,1.8.3,4.1 and up
52,MommyMeds,MEDICAL,3.2,45.0,21000.0K,5000.0,Paid,3.99,Everyone,Medical,November 15 2017,2.0.1,6.0 and up
53,Medical ID - In Case of Emergency (ICE),MEDICAL,4.6,717.0,5400.0K,5000.0,Paid,5.99,Everyone,Medical,May 31 2018,6.5.0,5.0 and up
54,Human Anatomy Atlas 2018: Complete 3D Human Body,MEDICAL,4.5,2921.0,25000.0K,100000.0,Paid,24.99,Everyone,Medical,May 25 2018,2018.5.47,5.0 and up
55,Essential Anatomy 3,MEDICAL,4.1,1533.0,42000.0K,50000.0,Paid,11.99,Mature 17,Medical,August 7 2014,1.1.3,4.0.3 and up
56,Vargo Anesthesia Mega App,MEDICAL,4.6,92.0,32000.0K,1000.0,Paid,79.99,Everyone,Medical,June 18 2018,19.0,4.0.3 and up
57,EMT Review Plus,MEDICAL,4.5,199.0,1800.0K,10000.0,Paid,11.99,Everyone,Medical,June 27 2018,3.0.5,4.4W and up
58,Muscle Trigger Point Anatomy,MEDICAL,4.4,1361.0,33000.0K,50000.0,Paid,2.99,Everyone,Medical,July 17 2018,2.4.4,4.0.3 and up
59,2017 EMRA Antibiotic Guide,MEDICAL,4.4,12.0,3800.0K,1000.0,Paid,16.99,Everyone,Medical,January 27 2017,1.0.5,4.0.3 and up
60,ASRA Coags,MEDICAL,4.4,15.0,5800.0K,1000.0,Paid,3.99,Everyone,Medical,August 1 2018,2.1,4.1 and up
61,IBM Micromedex Drug Info,MEDICAL,3.8,206.0,9500.0K,10000.0,Paid,2.99,Everyone,Medical,April 25 2018,1.17.0,4.0 and up
62,Diabetes & Diet Tracker,MEDICAL,4.6,395.0,19000.0K,1000.0,Paid,9.99,Everyone,Medical,July 16 2018,6.5.1,5.0 and up
63,Block Buddy,MEDICAL,4.0,15.0,5000.0K,1000.0,Paid,14.99,Everyone,Medical,August 1 2018,7.6.14,4.0 and up
64,EMT Study - NREMT Test Prep,MEDICAL,4.3,35.0,862k,5000.0,Paid,3.99,Everyone,Medical,December 3 2014,1.1,4.0.3 and up
65,Calcium Pro,MEDICAL,3.4,77.0,9900.0K,5000.0,Paid,2.99,Everyone,Medical,April 18 2017,1.6.2,4.0.3 and up
66,EMT PASS,MEDICAL,3.4,51.0,2400.0K,1000.0,Paid,29.99,Everyone,Medical,October 22 2014,2.0.2,4.0 and up
67,Pocket Lab Values,MEDICAL,4.3,214.0,899k,10000.0,Paid,2.99,Everyone,Medical,November 22 2012,2.5,2.1 and up
68,Medical terms (OFFLINE),MEDICAL,4.4,104.0,38000.0K,1000.0,Paid,2.99,Teen,Medical,May 24 2018,3.2.0,4.1 and up
69,Cardiac diagnosis (heart rate arrhythmia),MEDICAL,4.4,8.0,6500.0K,100.0,Paid,12.99,Everyone,Medical,July 25 2018,7.0,3.0 and up
70,ERres- Emergency Medicine,MEDICAL,4.2,45.0,14000.0K,1000.0,Paid,4.99,Everyone,Medical,August 18 2015,6.0,4.0 and up
71,AnatomyMapp,MEDICAL,4.1,80.0,48000.0K,5000.0,Paid,14.99,Everyone,Medical,November 5 2013,1.0,3.0 and up
72,OptoDrum,MEDICAL,3.9,10.0,378k,1000.0,Paid,5.99,Everyone,Medical,May 26 2015,1.0,3.0 and up
73,Migraine Headache Diary HeadApp Pro,MEDICAL,4.6,156.0,22000.0K,500.0,Paid,3.49,Everyone,Medical,March 14 2018,1.10.0.user.pro.release,4.4 and up
74,Blood Pressure Companion,MEDICAL,4.2,178.0,4800.0K,1000.0,Paid,0.99,Everyone,Medical,July 22 2018,4.1.5 (Steglitz),4.1 and up
75,Muscle Premium - Human Anatomy Kinesiology Bones,MEDICAL,4.2,168.0,25000.0K,10000.0,Paid,24.99,Everyone,Medical,August 11 2017,7.1.17,4.4 and up
76,CCHT PREP,MEDICAL,3.6,25.0,266k,1000.0,Paid,10.99,Everyone,Medical,December 8 2016,1.2,2.1 and up
77,Paramedic Meds,MEDICAL,4.5,163.0,375k,10000.0,Paid,1.99,Everyone,Medical,August 3 2015,3.4.3,1.6 and up
78,OmniMedix Medical Calculator,MEDICAL,4.7,25.0,1200.0K,1000.0,Paid,4.99,Everyone,Medical,June 11 2016,3.1.6,3.0 and up
79,Lab Values  Medical Reference,MEDICAL,4.5,133.0,2800.0K,10000.0,Paid,2.99,Everyone,Medical,August 2 2014,3.0,2.3 and up
80,Recognise Foot,MEDICAL,4.2,9.0,95000.0K,1000.0,Paid,7.49,Everyone,Medical,September 14 2017,1.0.3,4.1 and up
81,Anti Mosquito simulation,MEDICAL,4.2,74.0,2600.0K,1000.0,Paid,1.50,Everyone,Medical,September 6 2014,1.0,2.3.3 and up
82,Pain Tracker & Diary,MEDICAL,4.3,3.0,4600.0K,100.0,Paid,2.99,Everyone,Medical,January 2 2018,1.50,4.1 and up
83,Whist - Tinnitus Relief,MEDICAL,4.1,12.0,5100.0K,1000.0,Paid,1.99,Everyone,Medical,March 2 2017,1.2,4.1 and up
84,Critical Care Paramedic Review,MEDICAL,4.4,17.0,1800.0K,1000.0,Paid,9.99,Everyone 10,Medical,May 14 2018,2.0.5,4.4W and up
85,End Anxiety Pro - Stress Panic Attack Help,MEDICAL,4.2,33.0,53000.0K,1000.0,Paid,3.99,Everyone,Medical,May 8 2018,2.29,4.2 and up
86,Acupuncture Assistant,MEDICAL,4.5,492.0,39000.0K,10000.0,Paid,7.99,Everyone,Medical,April 13 2018,4.4.5,4.1 and up
87,InfantRisk Center HCP,MEDICAL,2.6,41.0,14000.0K,1000.0,Paid,9.99,Everyone,Medical,May 6 2015,1.3.4,2.3.3 and up
88,EMT Tutor NREMT-B Study Guide,MEDICAL,4.6,625.0,8400.0K,10000.0,Paid,3.99,Everyone,Medical,January 8 2017,2.1,2.1 and up
89,Hospitalist Handbook,MEDICAL,4.8,12.0,18000.0K,1000.0,Paid,19.99,Everyone,Medical,June 5 2017,6.0.4,4.1 and up
90,PTA Content Master,MEDICAL,4.2,64.0,41000.0K,1000.0,Paid,29.99,Everyone,Medical,December 22 2015,2.1,2.2 and up
91,Navi Radiography Pro,MEDICAL,4.7,11.0,100000.0K,500.0,Paid,15.99,Everyone,Medical,January 14 2018,1.2.0,4.0.3 and up
92,Nursing Care Plan NANDA Tables,MEDICAL,3.0,4.0,3400.0K,500.0,Paid,0.99,Everyone,Medical,May 9 2017,1.0,2.3.3 and up
93,A Manual of Acupuncture,MEDICAL,3.5,214.0,68000.0K,1000.0,Paid,33.99,Everyone,Medical,October 2 2017,2.1.35,4.0 and up
94,palmPEDi: Pediatric Tape,MEDICAL,4.6,66.0,2600.0K,5000.0,Paid,0.99,Everyone,Medical,December 2 2013,4.1,3.2 and up
95,Vargo Anesthesia Mega App,MEDICAL,4.6,92.0,32000.0K,1000.0,Paid,79.99,Everyone,Medical,June 18 2018,19.0,4.0.3 and up
96,Monash Uni Low FODMAP Diet,MEDICAL,4.2,1135.0,12000.0K,100000.0,Paid,9.00,Everyone,Medical,July 16 2018,2.0.7,4.0 and up
97,Human Anatomy Atlas 2018: Complete 3D Human Body,MEDICAL,4.5,2921.0,25000.0K,100000.0,Paid,24.99,Everyone,Medical,May 25 2018,2018.5.47,5.0 and up
98,ASCCP Mobile,MEDICAL,4.5,63.0,25000.0K,10000.0,Paid,9.99,Everyone,Medical,October 3 2016,2.1.1,2.2 and up
99,Paramedic Protocol Provider,MEDICAL,4.5,171.0,20000.0K,10000.0,Paid,10.00,Everyone 10,Medical,September 21 2017,1.8.3,4.1 and up
100,2017 EMRA Antibiotic Guide,MEDICAL,4.4,12.0,3800.0K,1000.0,Paid,16.99,Everyone,Medical,January 27 2017,1.0.5,4.0.3 and up
101,Essential Anatomy 3,MEDICAL,4.1,1533.0,42000.0K,50000.0,Paid,11.99,Mature 17,Medical,August 7 2014,1.1.3,4.0.3 and up
102,EMT PASS,MEDICAL,3.4,51.0,2400.0K,1000.0,Paid,29.99,Everyone,Medical,October 22 2014,2.0.2,4.0 and up
103,Block Buddy,MEDICAL,4.0,15.0,5000.0K,1000.0,Paid,14.99,Everyone,Medical,August 1 2018,7.6.14,4.0 and up
104,EMT Review Plus,MEDICAL,4.5,199.0,1800.0K,10000.0,Paid,11.99,Everyone,Medical,June 27 2018,3.0.5,4.4W and up
105,Pedi STAT,MEDICAL,4.6,129.0,2900.0K,10000.0,Paid,5.49,Everyone,Medical,April 6 2018,3.0.1.0,4.1 and up
106,AnatomyMapp,MEDICAL,4.1,80.0,48000.0K,5000.0,Paid,14.99,Everyone,Medical,November 5 2013,1.0,3.0 and up
107,Diabetes & Diet Tracker,MEDICAL,4.6,395.0,19000.0K,1000.0,Paid,9.99,Everyone,Medical,July 16 2018,6.5.1,5.0 and up
108,A Manual of Acupuncture,MEDICAL,3.5,214.0,68000.0K,1000.0,Paid,33.99,Everyone,Medical,October 2 2017,2.1.35,4.0 and up
109,PTA Content Master,MEDICAL,4.2,64.0,41000.0K,1000.0,Paid,29.99,Everyone,Medical,December 22 2015,2.1,2.2 and up
110,Muscle Premium - Human Anatomy Kinesiology Bones,MEDICAL,4.2,168.0,25000.0K,10000.0,Paid,24.99,Everyone,Medical,August 11 2017,7.1.17,4.4 and up
111,Cardiac diagnosis (heart rate arrhythmia),MEDICAL,4.4,8.0,6500.0K,100.0,Paid,12.99,Everyone,Medical,July 25 2018,7.0,3.0 and up
112,LTC AS Legal,MEDICAL,4.0,6.0,1300.0K,100.0,Paid,39.99,Everyone,Medical,April 4 2018,3.0.1,4.1 and up
113,Medical ID - In Case of Emergency (ICE),MEDICAL,4.6,717.0,5400.0K,5000.0,Paid,5.99,Everyone,Medical,May 31 2018,6.5.0,5.0 and up
114,IBM Micromedex Drug Info,MEDICAL,3.8,206.0,9500.0K,10000.0,Paid,2.99,Everyone,Medical,April 25 2018,1.17.0,4.0 and up
115,Hospitalist Handbook,MEDICAL,4.8,12.0,18000.0K,1000.0,Paid,19.99,Everyone,Medical,June 5 2017,6.0.4,4.1 and up
116,Facetune - For Free,PHOTOGRAPHY,4.4,49553.0,48000.0K,1000000.0,Paid,5.99,Everyone,Photography,July 25 2018,1.3.1,4.1 and up
117,Lapse It ‚Ä¢ Time Lapse ‚Ä¢ Pro,PHOTOGRAPHY,4.3,12865.0,6900.0K,100000.0,Paid,2.99,Everyone,Photography,November 6 2014,4.70,2.2 and up
118,Facetune - For Free,PHOTOGRAPHY,4.4,49553.0,48000.0K,1000000.0,Paid,5.99,Everyone,Photography,July 25 2018,1.3.1,4.1 and up
119,Facetune - For Free,PHOTOGRAPHY,4.4,49553.0,48000.0K,1000000.0,Paid,5.99,Everyone,Photography,July 25 2018,1.3.1,4.1 and up
120,Golfshot Plus: Golf GPS,SPORTS,4.1,3387.0,25000.0K,50000.0,Paid,29.99,Everyone,Sports,July 11 2018,4.18.0,4.1 and up
121,Beautiful Widgets Pro,PERSONALIZATION,4.2,97890.0,14000.0K,1000000.0,Paid,2.49,Everyone,Personalization,August 24 2016,5.7.8,2.3 and up
122,HD Widgets,PERSONALIZATION,4.3,58617.0,26000.0K,1000000.0,Paid,0.99,Everyone,Personalization,December 7 2016,4.3.2,4.4 and up
123,Kairo XP (for HD Widgets),PERSONALIZATION,4.4,1591.0,779k,10000.0,Paid,0.99,Everyone,Personalization,January 7 2015,1.1,4.0.3 and up
124,BIG Launcher,PERSONALIZATION,4.3,881.0,5900.0K,10000.0,Paid,9.99,Everyone,Personalization,June 20 2018,2.5.9,2.1 and up
125,Weather Live Pro,WEATHER,4.8,17493.0,11000.0K,100000.0,Paid,4.49,Everyone,Weather,April 20 2018,1.3,4.4 and up
126,Smart Launcher theme b. gold,PERSONALIZATION,4.1,291.0,35000.0K,5000.0,Paid,1.99,Everyone,Personalization,October 22 2016,2.20,2.0 and up
127,EMT Tutor NREMT-B Study Guide,MEDICAL,4.6,625.0,8400.0K,10000.0,Paid,3.99,Everyone,Medical,January 8 2017,2.1,2.1 and up
128,Next Launcher 3D Theme Hit-B,PERSONALIZATION,4.4,83.0,8600.0K,1000.0,Paid,1.70,Everyone,Personalization,August 16 2015,1.05,2.2 and up
129,B-52 Spirits of Glory Deluxe,GAME,4.3,12.0,29000.0K,100.0,Paid,0.99,Everyone,Arcade,September 2 2017,1.5.9,2.3 and up
130,B-Grade Renegade,GAME,3.9,24.0,64000.0K,1000.0,Paid,1.99,Teen,Action,October 17 2017,0.8.17,3.2 and up
131,C Locker Pro,PERSONALIZATION,4.2,1531.0,7700.0K,10000.0,Paid,2.99,Everyone,Personalization,December 5 2017,8.3.4,4.1 and up
132,Neon Glow C - Icon Pack,PERSONALIZATION,4.8,557.0,74000.0K,10000.0,Paid,0.99,Everyone,Personalization,July 27 2018,4.5.0,4.0.3 and up
133,Hitman Sniper,GAME,4.6,408292.0,29000.0K,10000000.0,Paid,0.99,Mature 17,Action,July 12 2018,1.7.110758,4.1 and up
134,Koi Live Wallpaper,PERSONALIZATION,4.6,14026.0,12000.0K,100000.0,Paid,0.99,Everyone,Personalization,June 24 2014,1.9,2.2 and up
135,Mind Games Pro,FAMILY,4.6,15301.0,18000.0K,100000.0,Paid,2.99,Everyone,Puzzle;Brain Games,July 18 2018,3.0.5,2.3 and up
136,F-Stop Gallery Pro,PHOTOGRAPHY,4.4,1302.0,58k,10000.0,Paid,4.99,Everyone,Photography,August 5 2015,3.2,2.2 and up
137,Arto: f.infrared photo,PHOTOGRAPHY,4.1,41.0,11000.0K,500.0,Paid,1.49,Everyone,Photography,July 19 2016,3.1,4.4 and up
138,G Cloud Apps Backup Key * root,TOOLS,4.5,1034.0,196k,5000.0,Paid,4.99,Everyone,Tools,September 8 2013,1.1,2.2 and up
139,Next Launcher 3D Theme Hit-G,PERSONALIZATION,4.2,59.0,8100.0K,1000.0,Paid,1.70,Everyone,Personalization,August 16 2015,1.05,2.2 and up
140,G-Playlists,TOOLS,1.8,53.0,3400.0K,1000.0,Paid,1.49,Everyone,Tools,May 19 2018,1.91,4.0.3 and up
141,Ramfer - CNC Lathe G-code Tool,PRODUCTIVITY,3.4,5.0,11000.0K,100.0,Paid,2.99,Everyone,Productivity,September 26 2016,2.0,3.2 and up
142,G-Force Driving Assistant,SPORTS,4.6,10.0,6100.0K,100.0,Paid,3.88,Everyone,Sports,April 10 2013,1.0,2.3.3 and up
143,Go,PERSONALIZATION,4.6,89.0,11000.0K,5000.0,Paid,0.99,Everyone,Personalization,October 21 2017,1.6.1,4.0.3 and up
144,G-NetTrack Pro,TOOLS,4.3,255.0,1600.0K,5000.0,Paid,14.99,Everyone,Tools,July 25 2018,14.6,4.0 and up
145,G Theme 2 for LG V30 LG G6,PERSONALIZATION,4.3,25.0,15000.0K,500.0,Paid,1.49,Everyone,Personalization,December 13 2017,1.0.2,7.0 and up
146,A41 WatchFace for Android Wear Smart Watch,LIFESTYLE,4.5,231.0,5700.0K,5000.0,Paid,0.99,Everyone,Lifestyle,December 24 2017,7.0.1,4.3 and up
147,Dialer theme G Black Gold,PERSONALIZATION,4.2,33.0,857k,500.0,Paid,1.49,Everyone,Personalization,January 1 2016,2.0,4.0 and up
148,G-NetWiFi Pro,TOOLS,3.3,6.0,1500.0K,100.0,Paid,5.99,Everyone,Tools,June 18 2018,3.2,4.0 and up
149,H*nest Meditation,LIFESTYLE,4.9,145.0,48000.0K,5000.0,Paid,1.99,Mature 17,Lifestyle,April 7 2016,1.0,4.0.3 and up
150,Deaf - Hearing chat device H,COMMUNICATION,4.4,9.0,51k,500.0,Paid,3.99,Everyone,Communication,February 8 2017,3.6,2.2 and up
151,The World Ends With You,GAME,4.6,4108.0,13000.0K,10000.0,Paid,17.99,Everyone 10,Arcade,December 14 2015,1.0.4,4.0 and up
152,Cut the Rope GOLD,FAMILY,4.6,61264.0,43000.0K,1000000.0,Paid,0.99,Everyone,Puzzle,June 19 2018,3.7.0,4.1 and up
153,K.MOJI,FAMILY,4.8,16.0,8900.0K,500.0,Paid,1.99,Everyone,Entertainment,May 9 2017,1.0,4.2 and up
154,Math Games for Pre-K - Grade 4,FAMILY,4.6,28.0,23000.0K,1000.0,Paid,1.99,Everyone,Education;Education,January 13 2014,1.02,2.2 and up
155,Fuzzy Numbers: Pre-K Number Foundation,FAMILY,4.7,21.0,44000.0K,1000.0,Paid,5.99,Everyone,Education;Education,July 21 2017,1.3,4.1 and up
156,Anna.K Tarot,FAMILY,4.8,17.0,23000.0K,100.0,Paid,3.99,Mature 17,Entertainment,January 16 2017,1.4.4,4.0.3 and up
157,N Launcher Pro - Nougat 7.0,PERSONALIZATION,4.3,2538.0,6400.0K,100000.0,Paid,2.99,Everyone,Personalization,March 23 2018,1.5.1,4.1 and up
158,Traps n' Gemstones,GAME,4.5,413.0,9100.0K,1000.0,Paid,4.99,Everyone,Adventure,May 17 2017,1.04,4.0.3 and up
159,Guns'n'Glory Zombies Premium,FAMILY,4.1,313.0,34000.0K,5000.0,Paid,2.99,Everyone 10,Strategy,July 15 2016,1.1.5,2.3.3 and up
160,Guns'n'Glory Premium,FAMILY,4.4,3570.0,21000.0K,100000.0,Paid,2.99,Everyone 10,Strategy,September 22 2017,1.8.1,2.3.3 and up
161,Ghosts'n Goblins MOBILE,GAME,3.8,466.0,28000.0K,10000.0,Paid,0.99,Everyone,Arcade,March 28 2017,1.00.02,4.1 and up
162,Dark Infusion Substratum Theme for Android N & O,PERSONALIZATION,4.8,133.0,59000.0K,1000.0,Paid,2.49,Everyone,Personalization,August 3 2018,15.6,7.0 and up
163,Lock 'n' Roll Pro - Ad Free,GAME,4.6,169.0,13000.0K,1000.0,Paid,0.99,Everyone,Card,July 1 2015,4.0.5,2.3.3 and up
164,Age of Conquest: N. America,FAMILY,4.5,659.0,3300.0K,10000.0,Paid,3.99,Everyone,Strategy,August 4 2018,1.0.28,1.5 and up
165,Guns'n'Glory WW2 Premium,FAMILY,4.5,4656.0,20000.0K,100000.0,Paid,2.99,Everyone 10,Strategy,December 8 2017,1.4.11,4.0 and up
166,Jump'N'Shoot Attack,GAME,4.1,155.0,32000.0K,1000.0,Paid,2.49,Everyone,Arcade,May 26 2018,1.2,4.1 and up
167,Ghouls'n Ghosts MOBILE,GAME,3.9,168.0,49000.0K,5000.0,Paid,1.99,Everyone 10,Arcade,May 18 2017,1.00.00,4.1 and up
168,Oddworld: New 'n' Tasty,GAME,4.6,1475.0,34000.0K,10000.0,Paid,4.99,Teen,Action,January 2 2018,1.0.4,5.0 and up
169,Planet O - Icon Pack,PERSONALIZATION,4.6,354.0,24000.0K,10000.0,Paid,0.99,Everyone,Personalization,June 13 2018,1.6.1,4.1 and up
170,Stand O‚ÄôFood¬Æ (Full),FAMILY,4.4,925.0,40000.0K,10000.0,Paid,1.99,Everyone,Casual,December 26 2014,1.5,2.3.3 and up
171,Detect-O-Gromit (D.O.G 2),FAMILY,3.8,45.0,47000.0K,10000.0,Paid,2.49,Everyone,Entertainment,July 16 2018,1.2,5.0 and up
172,O'Route Orienteering,SPORTS,4.2,6.0,1300.0K,100.0,Paid,3.02,Everyone,Sports,December 27 2017,2.0.5,3.0 and up
173,Prime Key for Nougat Launcher& O Launcher &KitKat,PERSONALIZATION,4.1,324.0,313k,5000.0,Paid,6.99,Everyone,Personalization,August 20 2017,5.1,5.1 and up
174,Android P | Xperia‚Ñ¢ Theme 4800 icons,PERSONALIZATION,4.6,29.0,39000.0K,100.0,Paid,1.99,Everyone,Personalization,May 16 2018,1.0.0,6.0 and up
175,[Sub/EMUI] P Pro - EMUI 8.1/8.0/5.X Theme,PERSONALIZATION,4.0,13.0,19000.0K,100.0,Paid,0.99,Everyone,Personalization,July 20 2018,H7SubTV0.1_TV0.4,7.0 and up
176,Theme Android P Design for LG V30,PERSONALIZATION,4.2,35.0,5200.0K,500.0,Paid,1.49,Everyone,Personalization,April 26 2018,1.33,7.0 and up
177,Theme Android P for LG G7 & V35,PERSONALIZATION,4.6,5.0,4500.0K,100.0,Paid,1.49,Everyone,Personalization,July 7 2018,1.1,8.0 and up
178,Volume Slider Like Android P Volume Control,TOOLS,4.1,1129.0,1700.0K,10000.0,Paid,0.99,Everyone,Tools,June 30 2018,1.28,4.1 and up
179,Theme Android P Black design for LG V30,PERSONALIZATION,4.4,8.0,6200.0K,100.0,Paid,1.49,Everyone,Personalization,April 6 2018,1.1,7.0 and up
180,Theme Android P Black for LG G7 & V35,PERSONALIZATION,4.6,5.0,4300.0K,100.0,Paid,1.49,Everyone,Personalization,July 31 2018,1.3,7.0 and up
181,Pixel Oreo/P Dark White AMOLED UI - Icon Pack,PERSONALIZATION,4.8,18.0,16000.0K,5000.0,Paid,1.49,Everyone,Personalization,June 21 2018,5.1,4.0.3 and up
182,pretty Easy privacy p‚â°p,COMMUNICATION,3.7,21.0,20000.0K,500.0,Paid,0.99,Everyone,Communication,July 30 2018,1.0.100rc1.withoutKeysync,5.0 and up
183,Q Alerts: QAnon Drop Notifications Research ,NEWS_AND_MAGAZINES,4.7,143.0,26000.0K,5000.0,Paid,0.99,Mature 17,News & Magazines,July 26 2018,4.1.10,4.1 and up
184,Q Avatar Pro,FAMILY,4.8,4.0,3600.0K,100.0,Paid,1.49,Teen,Entertainment,March 4 2017,1.3.5,2.3 and up
185,Q-slope,TOOLS,4.5,2.0,3900.0K,50.0,Paid,1.76,Everyone,Tools,December 3 2017,5.0,4.3 and up
186,R Instructor,FAMILY,4.1,135.0,4900.0K,1000.0,Paid,4.84,Everyone,Education,February 21 2014,2.03,3.0 and up
187,R-TYPE II,GAME,4.3,5682.0,37000.0K,50000.0,Paid,1.99,Everyone,Arcade,March 2 2017,1.1.5,2.3.3 and up
188,R-TYPE,GAME,4.5,7687.0,23000.0K,100000.0,Paid,1.99,Everyone,Arcade,February 27 2017,2.3.1,2.3.3 and up
189,Day R Premium,FAMILY,4.8,51068.0,57000.0K,100000.0,Paid,4.99,Teen,Role Playing,June 21 2018,1.574,4.0.3 and up
190,Elemental Knights R Platinum,FAMILY,3.8,2925.0,93000.0K,50000.0,Paid,4.77,Teen,Role Playing,August 1 2018,6.2.1,4.1 and up
191,Neon-R (Red),PERSONALIZATION,4.7,25.0,41000.0K,100.0,Paid,0.99,Everyone,Personalization,March 12 2015,1.0,4.0.3 and up
192,S Launcher Pro for Galaxy,PERSONALIZATION,4.1,47.0,26k,1000.0,Paid,4.99,Everyone,Personalization,February 12 2016,1.0,4.1 and up
193,PitchBlack S - Samsung Substratum Theme ‚ÄúFor Oreo‚Äù,PERSONALIZATION,4.5,90.0,37000.0K,1000.0,Paid,1.99,Everyone,Personalization,August 4 2018,12.6,7.0 and up
194,Shopping List S PRO,SHOPPING,4.8,14.0,2700.0K,100.0,Paid,2.49,Everyone,Shopping,May 16 2018,2.10,4.1 and up
195,I Can't Wake Up!,TOOLS,4.7,963.0,3700.0K,10000.0,Paid,2.99,Everyone,Tools,May 25 2018,3.4.0,4.0 and up
196,Don't Starve: Pocket Edition,GAME,4.4,17988.0,7900.0K,100000.0,Paid,4.99,Teen,Adventure,July 25 2018,1.06,5.0 and up
197,Please Don't Touch Anything,FAMILY,4.4,1771.0,46000.0K,10000.0,Paid,4.99,Teen,Puzzle,April 20 2016,1.1.0,2.3 and up
198,Please Don't Touch Anything 3D,FAMILY,4.2,146.0,20000.0K,5000.0,Paid,5.99,Teen,Puzzle,December 7 2016,1.1,4.4 and up
199,Don't Starve: Shipwrecked,GAME,4.1,1468.0,4900.0K,10000.0,Paid,4.99,Teen,Adventure,July 10 2018,0.16,5.0 and up
200,Ludo - Don't get angry,GAME,4.2,131.0,23000.0K,1000.0,Paid,1.61,Everyone,Board,February 24 2016,1.6.3,2.3.3 and up
201,Jurassic Life: T Rex Simulator,FAMILY,4.2,1088.0,35000.0K,10000.0,Paid,0.99,Everyone 10,Simulation,August 19 2014,1.2,2.0.1 and up
202,Kicker U,LIFESTYLE,4.1,124.0,37000.0K,5000.0,Paid,3.99,Everyone,Lifestyle,June 13 2018,3.04,4.0.3 and up
203,FINAL FANTASY V,FAMILY,4.5,15924.0,4200.0K,100000.0,Paid,7.99,Teen,Role Playing,March 15 2017,1.2.1,4.0 and up
204,Mental Hospital V,GAME,4.2,2460.0,25000.0K,50000.0,Paid,0.99,Mature 17,Action,November 19 2016,1.04,4.2 and up
205,DRAGON QUEST V,FAMILY,4.7,1667.0,17000.0K,10000.0,Paid,14.99,Teen,Role Playing,August 1 2018,1.0.3,2.3 and up
206,W Pro - Weather Forecast & Animated Weather Maps,WEATHER,3.8,11.0,2900.0K,500.0,Paid,1.99,Everyone,Weather,April 23 2018,1.0,4.1 and up
207,W-History Standalone,SOCIAL,3.2,38.0,1500.0K,1000.0,Paid,0.99,Everyone,Social,March 9 2018,1.935,7.0 and up
208,weather HD,PERSONALIZATION,4.0,1546.0,4500.0K,10000.0,Paid,1.99,Everyone,Personalization,February 26 2014,3.1,2.1 and up
209,X Launcher Pro: PhoneX Theme OS11 Control Center,ART_AND_DESIGN,4.7,801.0,3500.0K,5000.0,Paid,1.99,Everyone,Art & Design,July 30 2018,2.1.2,4.1 and up
210,X Launcher Pro - IOS Style Theme & Control Center,ART_AND_DESIGN,4.8,1216.0,8600.0K,10000.0,Paid,1.99,Everyone,Art & Design,June 26 2018,1.0.0,4.1 and up
211,X Launcher Prime: With OS Style Theme & No Ads,ART_AND_DESIGN,4.7,149.0,3500.0K,1000.0,Paid,1.99,Everyone,Art & Design,July 30 2018,1.2.2,4.1 and up
212,Light X - Icon Pack,PERSONALIZATION,4.6,252.0,24000.0K,10000.0,Paid,0.99,Everyone,Personalization,June 13 2018,1.6.1,4.1 and up
213,X-Plane to GPS,TOOLS,4.2,161.0,1200.0K,5000.0,Paid,0.99,Everyone,Tools,March 4 2018,1.62,4.4 and up
214,X Back - Icon Pack,PERSONALIZATION,4.5,56.0,26000.0K,10000.0,Paid,0.99,Everyone,Personalization,June 29 2018,1.6.2,4.1 and up
215,Decibel X PRO - Sound Meter dBA Noise Detector,TOOLS,4.3,60.0,6900.0K,1000.0,Paid,3.99,Everyone,Tools,July 11 2018,4.4.1,4.1 and up
216,X Construction,FAMILY,4.5,18612.0,8500.0K,100000.0,Paid,1.49,Everyone,Puzzle,July 28 2015,1.57,2.3 and up
217,X Home Bar - Home Bar Gesture Pro,TOOLS,4.0,88.0,2000.0K,10000.0,Paid,1.99,Everyone,Tools,July 2 2018,1.5,4.3 and up
218,Z Origins - (Z The Game),FAMILY,4.6,4421.0,37000.0K,50000.0,Paid,2.99,Teen,Strategy,November 5 2014,1.77,2.2 and up
219,Space Z üåè üöÄIcon Pack Theme,PERSONALIZATION,4.8,201.0,68000.0K,1000.0,Paid,1.49,Everyone,Personalization,August 4 2018,1.2.7,4.0.3 and up
220,Zombie Avengers:(Dreamsky)Stickman War Z,GAME,4.3,13604.0,96000.0K,1000000.0,Paid,0.99,Teen,Action,June 26 2018,2.4.4,2.3 and up
221,Math games for kids : times tables training,FAMILY,4.5,630.0,8300.0K,10000.0,Paid,1.59,Everyone,Educational;Education,July 27 2018,3.9.3,4.0.3 and up
222,Assassin's Creed Identity,GAME,3.7,42529.0,92000.0K,500000.0,Paid,1.99,Teen,Action,November 23 2016,2.8.2,4.1 and up
223,Pocket AC,PHOTOGRAPHY,4.8,130.0,4400.0K,1000.0,Paid,9.99,Everyone,Photography,June 27 2018,3.1.1,4.1 and up
224,cronometer (ad free),HEALTH_AND_FITNESS,3.9,1075.0,8300.0K,50000.0,Paid,2.99,Everyone,Health & Fitness,July 13 2018,2.1.2,4.4 and up
225,MyRadar NOAA Weather Radar Ad Free,WEATHER,4.5,3005.0,26000.0K,10000.0,Paid,2.99,Everyone,Weather,August 4 2018,7.1.4,4.0.3 and up
226,FVD Ad-Free,TOOLS,4.4,1774.0,4100.0K,10000.0,Paid,1.99,Everyone,Tools,October 5 2017,4.4.3,3.0 and up
227,Weather & Radar Pro - Ad-Free,WEATHER,4.5,25243.0,26000.0K,100000.0,Paid,2.99,Everyone,Weather,August 1 2018,4.34.0,4.4 and up
228,ONScripter Plus (Ad Free),GAME,4.5,100.0,17000.0K,1000.0,Paid,3.99,Everyone,Adventure,April 7 2016,1.2.4,4.1 and up
229,Vpn Hosts (ad blocker & no root & support ipv6 ),TOOLS,4.4,319.0,1100.0K,10000.0,Paid,2.99,Everyone,Tools,July 3 2018,2.0.1,4.4 and up
230,WhatsFake Pro (Ad free),SOCIAL,4.2,204.0,9400.0K,5000.0,Paid,0.99,Everyone,Social,September 25 2017,1.4,4.1 and up
231,Ad Removal: thereisonlywe,PRODUCTIVITY,3.4,16.0,293k,100.0,Paid,6.49,Everyone,Productivity,May 3 2014,1.0,2.2 and up
232,Ad Remove Plugin for App2SD,PRODUCTIVITY,4.1,66.0,17k,1000.0,Paid,1.29,Everyone,Productivity,September 25 2013,1.0.0,2.2 and up
233,RAM Cleanup Ad-Free Option,TOOLS,4.4,457.0,1100.0K,10000.0,Paid,2.99,Everyone,Tools,July 26 2016,3.0,4.1 and up
234,Mupen64Plus AE (N64 Emulator),GAME,4.2,4569.0,12000.0K,100000.0,Paid,0.99,Everyone,Arcade,January 19 2014,2.4.4,2.0 and up
235,NewTek NDI,PHOTOGRAPHY,3.5,77.0,1200.0K,1000.0,Paid,19.99,Everyone,Photography,October 26 2016,1.1,4.1 and up
236,Gunship III Vietnam People AF,FAMILY,4.3,726.0,19000.0K,5000.0,Paid,4.99,Everyone,Simulation,December 9 2016,3.8.4,2.3.3 and up
237,AG Contacts Premium edition,COMMUNICATION,4.5,88.0,3700.0K,500.0,Paid,4.99,Everyone,Communication,May 18 2018,8.05.18.14250,4.0.3 and up
238,AG Subway Simulator Mobile,FAMILY,4.5,623.0,47000.0K,5000.0,Paid,0.99,Everyone,Simulation,June 2 2018,1.3.0.6,4.1 and up
239,AH Alarm Panel,TOOLS,3.9,7.0,81k,100.0,Paid,4.99,Everyone,Tools,May 12 2011,1.2.0,1.5 and up
240,The Artificial Intelligence Project (A.I. Chat),FAMILY,3.0,76.0,39000.0K,5000.0,Paid,1.99,Everyone,Simulation,March 29 2018,1.2,2.3 and up
241,AI Draw | Art Filter for Selfie,PHOTOGRAPHY,3.0,20.0,4300.0K,1000.0,Paid,2.99,Everyone,Photography,June 18 2018,1.4.7,5.0 and up
242,Age of AI: War Strategy,FAMILY,4.6,71.0,5700.0K,500.0,Paid,2.49,Everyone,Strategy,March 14 2018,1.8,4.0 and up
243,AJ Jump: Animal Jam Kangaroos!,GAME,4.4,2975.0,42000.0K,50000.0,Paid,1.99,Everyone,Arcade,March 7 2016,1.6,4.0 and up
244,Watch Face Swiss AJ-6,PERSONALIZATION,4.1,21.0,3600.0K,100.0,Paid,0.99,Everyone,Personalization,September 20 2017,1.35,4.3 and up
245,AJ Gray Icon Pack,PERSONALIZATION,4.8,5.0,35000.0K,50.0,Paid,0.99,Everyone,Personalization,April 22 2018,1.1,4.1 and up
246,Al'Quran Bahasa Indonesia PRO,BOOKS_AND_REFERENCE,4.7,1340.0,11000.0K,10000.0,Paid,4.49,Everyone,Books & Reference,May 16 2018,4.0.5,2.2 and up
247,I am Rich Person,LIFESTYLE,4.2,134.0,1800.0K,1000.0,Paid,37.99,Everyone,Lifestyle,July 18 2017,1.0,4.0.3 and up
248,I am Rich Premium Plus,FINANCE,4.6,459.0,2000.0K,10000.0,Paid,18.99,Everyone,Finance,February 17 2018,1.1,4.0.3 and up
249,I am Bread,GAME,4.0,630.0,20000.0K,10000.0,Paid,4.99,Everyone,Adventure,October 26 2016,1.6.1,4.4 and up
250,I am Millionaire - Richest guy in the town,LIFESTYLE,3.6,126.0,1400.0K,5000.0,Paid,2.49,Everyone,Lifestyle,June 22 2018,8.0,4.1 and up
251,The Hunt for the Lost Treasure,FAMILY,4.6,7148.0,8100.0K,100000.0,Paid,2.99,Everyone,Adventure;Brain Games,September 13 2017,1.8,4.0.3 and up
252,Attack the Light,FAMILY,4.7,19209.0,21000.0K,100000.0,Paid,2.99,Everyone,Role Playing;Action & Adventure,February 23 2016,1.1.4,4.0 and up
253,AP Government Review,FAMILY,4.7,3.0,1500.0K,1000.0,Paid,2.99,Everyone,Education,March 14 2017,1.1,4.0.3 and up
254,apwifi testingiperfpingandroidBluetoothtcp,TOOLS,4.7,3.0,5300.0K,10.0,Paid,2.99,Everyone,Tools,May 27 2018,1.0.15,4.4 and up
255,500 AP World History Questions,FAMILY,4.7,7.0,1200.0K,100.0,Paid,9.99,Everyone,Education,November 1 2013,1.2,1.6 and up
256,AP Themes for Kustom/KLWP,PERSONALIZATION,3.6,5.0,45000.0K,500.0,Paid,1.49,Everyone,Personalization,September 1 2017,1.8.2,4.4 and up
257,iScore5 AP Psych,FAMILY,2.9,10.0,73000.0K,100.0,Paid,4.99,Everyone,Educational,April 25 2017,2.0,4.0.3 and up
258,True Skate,SPORTS,4.4,129409.0,73000.0K,1000000.0,Paid,1.99,Everyone,Sports,August 4 2018,1.5.1,4.0.3 and up
259,Nightenfell: Shared AR,GAME,4.5,20.0,65000.0K,1000.0,Paid,0.99,Everyone 10,Action,March 27 2018,1.0.0,7.0 and up
260,Sleep as Android Unlock,LIFESTYLE,4.5,23966.0,872k,1000000.0,Paid,5.99,Everyone,Lifestyle,June 27 2018,20180608.0,4.0 and up
261,Lullaby Add-on for Sleep as Android,HEALTH_AND_FITNESS,3.9,2057.0,6200.0K,50000.0,Paid,1.99,Everyone,Health & Fitness,October 18 2017,2.4,4.0 and up
262,Five Nights at Freddy's 2,FAMILY,4.6,73919.0,40000.0K,500000.0,Paid,2.99,Teen,Strategy,November 15 2014,1.07,2.3 and up
263,Five Nights at Freddy's,GAME,4.6,100805.0,50000.0K,1000000.0,Paid,2.99,Teen,Action,December 2 2014,1.85,2.3 and up
264,Five Nights at Freddy's: SL,GAME,4.5,16162.0,99000.0K,100000.0,Paid,2.99,Teen,Action,April 6 2017,1.2,2.3 and up
265,Five Nights at Freddy's 4,GAME,4.6,21266.0,45000.0K,100000.0,Paid,2.99,Teen,Action,July 26 2015,1.1,2.3 and up
266,Five Nights at Freddy's 3,GAME,4.7,27856.0,50000.0K,100000.0,Paid,2.99,Teen,Action,April 2 2015,1.07,2.3 and up
267,BringGo AU & NZ,MAPS_AND_NAVIGATION,2.8,440.0,23000.0K,10000.0,Paid,0.99,Everyone,Maps & Navigation,May 10 2018,2.5.9,2.3.3 and up
268,Ai-Ball AV Recorder,PHOTOGRAPHY,2.7,90.0,4000.0K,5000.0,Paid,2.99,Everyone,Photography,October 19 2017,13.0,2.3.3 and up
269,Analog Clock AW-7 PRO,TOOLS,3.3,40.0,2700.0K,1000.0,Paid,1.99,Everyone,Tools,March 7 2018,2.0,4.3 and up
270,F05WatchFace for Android Wear,PRODUCTIVITY,3.9,127.0,5900.0K,1000.0,Paid,0.99,Everyone,Productivity,December 24 2017,7.0.1,4.3 and up
271,Greater London A-Z 2016,TRAVEL_AND_LOCAL,3.7,40.0,9000.0K,1000.0,Paid,8.49,Everyone,Travel & Local,August 18 2016,1.0.1,4.1 and up
272,Ba Financial Calculator plus,FINANCE,4.4,31.0,206k,1000.0,Paid,3.99,Everyone,Finance,July 15 2018,2.9.1,2.1 and up
273,Financial Calculator BA Chien.,FINANCE,4.2,23.0,954k,500.0,Paid,3.99,Everyone,Finance,December 14 2016,1.9.10,3.0 and up
274,BA Pro Financial Calculator,FINANCE,2.4,36.0,9400.0K,1000.0,Paid,1.99,Everyone,Finance,November 16 2015,1.3.3,2.3 and up
275,Hunt Buddy BC,SPORTS,4.4,172.0,49000.0K,5000.0,Paid,2.99,Everyone,Sports,July 10 2018,1.5,4.0.3 and up
276,iHunter BC,SPORTS,4.4,55.0,63000.0K,1000.0,Paid,4.49,Everyone,Sports,August 3 2018,2.0.38,4.0.3 and up
277,iFish BC,SPORTS,3.6,25.0,6000.0K,1000.0,Paid,3.99,Everyone,Sports,February 18 2015,2.1,2.3 and up
278,Ice Crush 10.000 B.C.,FAMILY,4.4,31.0,4200.0K,100.0,Paid,0.99,Everyone,Casual,August 15 2013,1.48,2.0 and up
279,Baby Connect (activity log),PARENTING,4.7,8343.0,8300.0K,50000.0,Paid,4.99,Everyone,Parenting,July 10 2018,6.3.16,4.0.3 and up
280,Be Stronger,HEALTH_AND_FITNESS,4.8,787.0,53000.0K,1000.0,Paid,1.99,Everyone,Health & Fitness,July 31 2018,1.4.7,4.0.3 and up
281,Wolf of the BF:Commando MOBILE,GAME,3.4,32.0,27000.0K,1000.0,Paid,0.99,Everyone 10,Arcade,March 23 2017,1.00.10,4.0 and up
282,My Virtual Boyfriend,FAMILY,4.3,105.0,51000.0K,1000.0,Paid,0.99,Teen,Casual,February 17 2017,3.6,2.3.3 and up
283,Droid PRoCon BF3,TOOLS,3.5,412.0,2600.0K,5000.0,Paid,0.99,Everyone,Tools,March 12 2015,2.2,3.0 and up
284,BG Monitor Diabetes Pro,MEDICAL,4.6,87.0,2800.0K,500.0,Paid,5.99,Everyone,Medical,April 23 2017,8.0.1,4.4 and up
285,Board Game Stats: Play tracking for tabletop games,LIFESTYLE,4.6,275.0,3900.0K,5000.0,Paid,2.99,Everyone,Lifestyle,July 17 2018,2.8.3,4.1 and up
286,Baldur's Gate: Enhanced Edition,FAMILY,4.5,20101.0,7800.0K,100000.0,Paid,9.99,Teen,Role Playing,October 2 2015,1.3,3.0 and up
287,Shadow Fight 2 Special Edition,GAME,4.5,10440.0,86000.0K,50000.0,Paid,4.99,Teen,Action,May 30 2018,1.0.3,4.1 and up
288,Backgammon NJ for Android,GAME,4.4,1644.0,15000.0K,10000.0,Paid,7.99,Everyone,Board,April 5 2017,4.1,2.3.3 and up
289,CSCS BG (–≤ –±—ä–ª–≥–∞—Ä—Å–∫–∏),FAMILY,2.4,7.0,2100.0K,100.0,Paid,3.99,Everyone,Education,March 23 2017,1.0,4.0.3 and up
290,Baldur's Gate II,FAMILY,4.3,5442.0,16000.0K,50000.0,Paid,9.99,Teen,Role Playing,June 28 2018,2.5.16.6,3.0 and up
291,Battleheart Legacy,FAMILY,4.6,7420.0,7400.0K,50000.0,Paid,4.99,Teen,Role Playing,November 10 2014,1.2.5,4.1 and up
292,BJ Bridge Pro 2018,GAME,4.4,17.0,4800.0K,500.0,Paid,4.49,Everyone,Card,May 21 2018,6.2-pro,4.0 and up
293,Blackjack Verite Drills,GAME,4.6,17.0,4700.0K,100.0,Paid,14.00,Teen,Casino,July 9 2017,1.1.10,3.0 and up
294,Phonics Puzzles,FAMILY,3.8,4.0,54000.0K,100.0,Paid,2.99,Everyone,Educational,August 27 2016,1.8.2,2.3 and up
295,Power Widget,TOOLS,4.2,928.0,383k,10000.0,Paid,1.99,Everyone,Tools,March 20 2014,3.4,2.2 and up
296,Chess of Blades (BL/Yaoi Game) (No VA),FAMILY,4.8,4.0,23000.0K,10.0,Paid,14.99,Teen,Casual,January 24 2018,1.03,2.3.3 and up
297,BL IP-Camera,TOOLS,4.3,15.0,1200.0K,100.0,Paid,3.99,Everyone,Tools,June 5 2014,1.3.140606,2.3 and up
298,BL Holo Theme,PERSONALIZATION,4.4,18.0,2100.0K,500.0,Paid,2.00,Everyone,Personalization,July 1 2013,1.0.3,2.1 and up
299,MEGA MAN MOBILE,GAME,4.0,267.0,40000.0K,10000.0,Paid,1.99,Everyone,Action,February 17 2017,1.02.01,4.0 and up
300,BL PowerPoint Remote,TOOLS,4.3,33.0,1000.0K,500.0,Paid,3.99,Everyone,Tools,February 25 2015,2.6.150226,2.3 and up
301,Basket Manager 2018 Pro,SPORTS,3.7,84.0,6300.0K,1000.0,Paid,2.99,Everyone,Sports,April 17 2018,3.7,4.4 and up
302,BatControl Pro,TOOLS,4.9,83.0,3100.0K,500.0,Paid,3.99,Everyone,Tools,June 1 2018,2.0.0,5.0 and up
303,Basket Manager 2016 Pro,SPORTS,4.5,117.0,4400.0K,1000.0,Paid,0.99,Everyone,Sports,February 9 2017,2.9,4.1 and up
304,Basket Manager 2017 Pro,SPORTS,4.7,163.0,4600.0K,1000.0,Paid,0.99,Everyone,Sports,October 6 2017,3.9,4.1 and up
305,New York Mysteries (Full),GAME,4.5,514.0,5900.0K,5000.0,Paid,6.99,Teen,Adventure,June 4 2018,1.0.36,4.0 and up
306,The Legacy (Full),GAME,4.6,144.0,6300.0K,1000.0,Paid,6.99,Everyone,Adventure,May 15 2018,1.0.9,4.0 and up
307,Skip-Bo‚Ñ¢,GAME,4.4,33661.0,60000.0K,100000.0,Paid,2.99,Everyone,Card,August 3 2018,3.4.6,4.1 and up
308,Beck & Bo: Toddler First Words,FAMILY,4.3,41.0,7900.0K,1000.0,Paid,2.99,Everyone,Education;Pretend Play,May 31 2018,2.4.2,4.0.3 and up
309,Bo's Bedtime Story,FAMILY,4.2,13.0,23000.0K,1000.0,Paid,2.49,Everyone,Education;Pretend Play,December 25 2017,2.6,4.0.3 and up
310,Bo's Dinnertime Story,FAMILY,4.3,6.0,33000.0K,1000.0,Paid,2.49,Everyone,Education;Pretend Play,December 25 2017,1.5,4.0.3 and up
311,Bo's School Day,FAMILY,4.7,10.0,30000.0K,1000.0,Paid,2.99,Everyone,Education;Pretend Play,December 18 2017,1.3,4.0.3 and up
312,iBP Blood Pressure,MEDICAL,4.4,578.0,704k,10000.0,Paid,0.99,Everyone,Medical,November 30 2014,7.0.1,2.2 and up
313,Blood Pressure Companion,MEDICAL,4.2,178.0,4800.0K,1000.0,Paid,0.99,Everyone,Medical,July 22 2018,4.1.5 (Steglitz),4.1 and up
314,Infinity Dungeon VIP,FAMILY,4.3,21804.0,44000.0K,1000000.0,Paid,0.99,Everyone 10,Role Playing,July 3 2018,2.6.6,2.3 and up
315,QR Code Pro,PRODUCTIVITY,4.8,5865.0,15000.0K,100000.0,Paid,4.49,Everyone,Productivity,July 18 2018,1.0,4.1 and up
316,17th Edition Cable Sizer,BOOKS_AND_REFERENCE,4.4,47.0,1400.0K,1000.0,Paid,3.08,Everyone,Books & Reference,May 27 2016,1.22,2.2 and up
317,Little Magnet BT Pro,TOOLS,4.6,251.0,3800.0K,1000.0,Paid,0.99,Everyone,Tools,August 5 2018,4.1.4,4.2 and up
318,Battery Notifier Pro BT,TOOLS,4.7,1363.0,1600.0K,10000.0,Paid,2.59,Everyone,Tools,June 7 2017,2.5.18,1.6 and up
319,SkyTest BU/GU Lite,BUSINESS,2.9,28.0,20000.0K,500.0,Paid,17.99,Everyone,Business,October 24 2017,2.0.5,3.0 and up
320,My Budget Book,FINANCE,4.7,19784.0,7300.0K,100000.0,Paid,2.99,Everyone,Finance,June 13 2018,7.6,4.0 and up
321,BW-Go,GAME,4.8,265.0,1300.0K,1000.0,Paid,3.49,Everyone,Board,June 18 2015,4.8.1,2.3 and up
322,Watch Face BW Inter,PERSONALIZATION,3.1,112.0,8800.0K,1000.0,Paid,0.99,Everyone,Personalization,April 26 2017,2.1.7,4.3 and up
323,Beautiful Widgets Pro,PERSONALIZATION,4.2,97890.0,14000.0K,1000000.0,Paid,2.49,Everyone,Personalization,August 24 2016,5.7.8,2.3 and up
324,HD Widgets,PERSONALIZATION,4.3,58614.0,26000.0K,1000000.0,Paid,0.99,Everyone,Personalization,December 7 2016,4.3.2,4.4 and up
325,BlackCam Pro - B&W Camera,PHOTOGRAPHY,4.5,1376.0,5500.0K,100000.0,Paid,1.49,Everyone,Photography,March 26 2018,1.51,4.0 and up
326,Color Changer Pro [root],PERSONALIZATION,4.5,69.0,951k,1000.0,Paid,0.99,Everyone,Personalization,January 12 2017,1.11,4.4 and up
327,Hitman GO,FAMILY,4.6,84114.0,23000.0K,500000.0,Paid,0.99,Everyone 10,Puzzle,July 5 2018,1.13.108869,2.3.3 and up
328,Bixby Button Remapper - bxActions Pro / Coffee,TOOLS,3.9,319.0,25k,10000.0,Paid,2.99,Everyone,Tools,April 28 2017,1.00,7.0 and up
329,Bitcoin BX Thailand PRO,FINANCE,1.7,21.0,21000.0K,100.0,Paid,4.99,Everyone,Finance,October 22 2017,5.0,4.0.3 and up
330,Lollipop Launcher Plus,PERSONALIZATION,4.1,131.0,27k,1000.0,Paid,4.99,Everyone,Personalization,March 8 2015,1.0,4.0.3 and up
331,Trinomial Factoring Wizard,TOOLS,4.0,22.0,82k,1000.0,Paid,0.99,Everyone,Tools,October 10 2014,2.4,2.3 and up
332,BZ Reminder PRO,BUSINESS,4.8,726.0,5400.0K,1000.0,Paid,3.99,Everyone,Business,December 20 2017,2.3.3,4.1 and up
333,California Cop Assist CA Cop,PRODUCTIVITY,3.0,5.0,7000.0K,100.0,Paid,4.99,Everyone,Productivity,February 11 2014,1.3,2.2 and up
334,CB Frequencies,TOOLS,4.0,5.0,1400.0K,100.0,Paid,0.99,Everyone,Tools,December 24 2015,1.0,4.0.3 and up
335,Antenna Tool Premium,TOOLS,4.5,14.0,2900.0K,500.0,Paid,0.99,Everyone,Tools,October 26 2017,2.2,4.0.3 and up
336,Frequencies,TOOLS,4.2,11.0,3100.0K,500.0,Paid,0.99,Everyone,Tools,February 4 2018,1.9,4.0.3 and up
337,My Movies Pro - Movie & TV Collection Library,LIFESTYLE,4.6,6477.0,20000.0K,10000.0,Paid,7.99,Everyone,Lifestyle,July 16 2018,2.26 Build 17,4.1 and up
338,CE Map - Interactive Conan Exiles Map,MAPS_AND_NAVIGATION,4.5,62.0,1600.0K,1000.0,Paid,0.99,Everyone,Maps & Navigation,June 30 2018,1.3,4.0 and up
339,PAC-MAN CE DX,GAME,4.5,1692.0,36000.0K,10000.0,Paid,4.99,Everyone,Arcade,April 23 2018,1.1.0,4.0.3 and up
340,Theatre of the Absurd CE(Full),FAMILY,4.1,1143.0,15000.0K,10000.0,Paid,2.99,Everyone 10,Casual,May 21 2013,1.0,2.0.1 and up
341,Depths of Betrayal CE (Full),FAMILY,4.3,363.0,14000.0K,1000.0,Paid,2.99,Everyone 10,Casual,August 19 2013,1.0.0,2.3 and up
342,CF-Bench Pro,TOOLS,4.6,159.0,29k,1000.0,Paid,1.49,Everyone,Tools,June 23 2011,1.1,1.6 and up
343,Next Launcher 3D Bold-CF Theme,PERSONALIZATION,4.4,175.0,5500.0K,1000.0,Paid,0.99,Everyone,Personalization,January 11 2014,1.042,2.2 and up
344,Ultimate Public Campgrounds (Over 37100 in US&CA),TRAVEL_AND_LOCAL,4.7,213.0,6100.0K,5000.0,Paid,3.99,Everyone,Travel & Local,August 5 2018,1.8.8.0,4.4 and up
345,FAV KWGT,PERSONALIZATION,4.9,88.0,66000.0K,1000.0,Paid,0.99,Everyone,Personalization,July 26 2018,8.0,5.0 and up
346,boattheory.ch Full 2018,FAMILY,4.7,54.0,50000.0K,1000.0,Paid,19.40,Everyone,Education,November 18 2017,3.1.2,4.2 and up
347,DRAGON QUEST IV,FAMILY,4.7,1647.0,16000.0K,10000.0,Paid,14.99,Everyone,Role Playing,February 28 2017,1.0.5,2.3 and up
348,Pixxy KWGT,PERSONALIZATION,4.8,60.0,78000.0K,1000.0,Paid,0.99,Everyone,Personalization,July 29 2018,4.0.1,5.0 and up
349,Paris ci la Sortie du M√©tro,MAPS_AND_NAVIGATION,4.2,453.0,36000.0K,10000.0,Paid,2.99,Everyone,Maps & Navigation,April 2 2018,4.3,4.1 and up
350,Grand Theft Auto: San Andreas,GAME,4.4,348962.0,26000.0K,1000000.0,Paid,6.99,Mature 17,Action,March 21 2015,1.08,3.0 and up
351,F*ck This Game,GAME,4.6,8.0,6300.0K,100.0,Paid,0.99,Teen,Action,July 18 2015,1.0.0,2.3 and up
352,CM Launcher 3D Proüíé,PERSONALIZATION,4.7,23802.0,173k,100000.0,Paid,4.99,Everyone,Personalization,November 17 2016,1.0.9,4.0 and up
353,Swift Dark CM / CM13 Theme,PERSONALIZATION,4.7,1500.0,41000.0K,10000.0,Paid,1.99,Everyone,Personalization,January 5 2017,3.3.3,5.0 and up
354,CM FILE MANAGER Pro,BUSINESS,4.2,2359.0,2700.0K,10000.0,Paid,2.99,Everyone,Business,February 16 2016,1.16.9,1.6 and up
355,OMEGA Black UI Theme - CM 12,PERSONALIZATION,4.2,12.0,19000.0K,100.0,Paid,0.99,Everyone,Personalization,August 20 2015,1.0,5.0 and up
356,Teen Titans GO Figure!,FAMILY,4.5,1985.0,28000.0K,10000.0,Paid,3.99,Everyone 10,Action;Action & Adventure,July 18 2018,1.0.2,5.1 and up
357,CN Superstar Soccer: Goal!!!,FAMILY,4.1,3863.0,41000.0K,100000.0,Paid,2.99,Everyone,Sports;Action & Adventure,May 24 2018,1.1.1,4.1 and up
358,Teeny Titans - Teen Titans Go!,FAMILY,4.6,20463.0,25000.0K,100000.0,Paid,3.99,Everyone 10,Strategy;Action & Adventure,July 18 2018,1.2.1,4.1 and up
359,Ski Safari: Adventure Time,FAMILY,4.5,48754.0,9300.0K,100000.0,Paid,0.99,Everyone,Arcade;Action & Adventure,October 7 2014,1.5.2,2.3 and up
360,Rockstars of Ooo,FAMILY,3.4,642.0,26000.0K,10000.0,Paid,1.99,Everyone 10,Arcade;Action & Adventure,August 11 2015,1.0.2,2.3.3 and up
361,Flipped Out! - Powerpuff Girls,FAMILY,4.4,412.0,22000.0K,10000.0,Paid,2.99,Everyone 10,Action;Action & Adventure,June 30 2016,1.0.2,4.0 and up
362,Adventure Time Game Wizard,GAME,4.1,4107.0,40000.0K,50000.0,Paid,4.99,Everyone,Adventure,July 16 2015,1.2.0,4.1 and up
363,Best Park in the Universe,GAME,4.3,3904.0,5500.0K,10000.0,Paid,2.99,Everyone 10,Action,September 10 2014,1.2.1,4.0 and up
364,Formula Cartoon All Stars,FAMILY,3.9,1213.0,18000.0K,10000.0,Paid,2.99,Everyone,Racing;Action & Adventure,June 25 2015,4.1.2,2.3.3 and up
365,Tetrobot and Co.,FAMILY,4.5,709.0,18000.0K,5000.0,Paid,2.99,Everyone,Puzzle,April 20 2015,1.1.2,2.3 and up
366,Chinese Chess 3D Online (Xiangqi Ë±°Ê£ã co tuong),GAME,3.5,23.0,37000.0K,1000.0,Paid,0.99,Everyone,Board,December 27 2017,2.2.1,4.1 and up
367,10 WPM Amateur ham radio CW Morse code trainer,COMMUNICATION,3.5,10.0,3800.0K,100.0,Paid,1.49,Everyone,Communication,May 12 2018,2.1.4,2.1 and up
368,DCUO|CR Calculator Pro,TOOLS,4.6,82.0,1700.0K,500.0,Paid,0.99,Everyone,Tools,August 14 2017,3.3,3.0 and up
369,Jetting for Honda CR dirt bike,SPORTS,4.1,7.0,3400.0K,100.0,Paid,3.49,Everyone,Sports,April 13 2016,2.2,3.0 and up
370,Jeppesen CR Flight Computer,MAPS_AND_NAVIGATION,3.3,3.0,26000.0K,100.0,Paid,9.99,Everyone,Maps & Navigation,October 5 2016,1.0.8,4.4 and up
371,CamScanner (License),PRODUCTIVITY,4.4,26358.0,50k,500000.0,Paid,1.99,Everyone,Productivity,January 17 2014,1.7,2.0 and up
372,Asiimov Skin - CS GO Icon Pack,PERSONALIZATION,4.6,26.0,8500.0K,100.0,Paid,2.49,Everyone,Personalization,December 3 2017,5.0.1,4.0.3 and up
373,CT-REMOTE,GAME,3.3,19.0,1600.0K,100.0,Paid,4.49,Everyone,Action,February 10 2015,1.4,2.3 and up
374,Interactive CT and MRI Anatomy,MEDICAL,3.4,35.0,24000.0K,1000.0,Paid,15.46,Everyone,Medical,May 27 2015,2.0.3,2.2 and up
375,Radiological Anatomy For FRCR1,MEDICAL,4.8,12.0,44000.0K,100.0,Paid,6.99,Everyone,Medical,January 22 2014,1.3,4.0 and up
376,Navigator PRO - GPS Navigation with Offline Maps,TRAVEL_AND_LOCAL,3.6,892.0,70000.0K,50000.0,Paid,2.49,Everyone,Travel & Local,August 1 2018,1.08,4.0 and up
377,Super Resume Builder Pro CV,BUSINESS,4.4,244.0,6900.0K,1000.0,Paid,4.99,Everyone,Business,August 17 2017,4.38,2.3 and up
378,CV-RECORD Pro,COMMUNICATION,2.3,42.0,6000.0K,1000.0,Paid,0.99,Everyone,Communication,January 12 2017,1.0.5,4.1 and up
379,2 Amateur ham radio CW Morse code practice keys TX,COMMUNICATION,4.8,6.0,3500.0K,100.0,Paid,1.49,Everyone,Communication,March 5 2018,1.0.9,1.6 and up
380,CW Beacon for Ham Radio,COMMUNICATION,4.8,10.0,516k,100.0,Paid,1.49,Everyone,Communication,January 22 2015,KM,1.6 and up
381,Morse Decoder for Ham Radio,COMMUNICATION,3.7,166.0,2000.0K,5000.0,Paid,4.99,Everyone,Communication,March 14 2017,1.52,2.3 and up
382,CW Studio ¬Æ,COMMUNICATION,3.8,9.0,780k,100.0,Paid,0.99,Everyone,Communication,May 19 2015,1.2,2.3.3 and up
383,20WPM Amateur ham radio Koch CW Morse code trainer,COMMUNICATION,4.3,12.0,3700.0K,100.0,Paid,1.49,Everyone,Communication,May 22 2018,3.0.4,2.1 and up
384,Morse Trainer for Ham Radio,COMMUNICATION,4.6,265.0,2600.0K,10000.0,Paid,2.99,Everyone,Communication,January 6 2018,2.28,2.3 and up
385,Morse Machine for Ham Radio,COMMUNICATION,4.8,341.0,9600.0K,5000.0,Paid,0.99,Everyone,Communication,February 20 2015,iu4,2.0 and up
386,Koch Morse Trainer Pro,COMMUNICATION,4.6,94.0,1100.0K,1000.0,Paid,2.49,Everyone,Communication,February 14 2015,2.1.1,2.2 and up
387,TI-Nspire CX Calculator Manual,FAMILY,3.9,11.0,27000.0K,500.0,Paid,4.99,Everyone,Education,July 21 2018,1.3.0,4.1 and up
388,Absolute RC Heli Simulator,SPORTS,3.9,654.0,50000.0K,10000.0,Paid,4.99,Everyone,Sports,December 20 2017,3.29,4.1 and up
389,go41cx,FAMILY,4.8,171.0,1000.0K,1000.0,Paid,10.00,Everyone,Education,October 18 2016,1.7.0,2.2 and up
390,Cytus II,GAME,4.7,16851.0,81000.0K,100000.0,Paid,1.99,Everyone 10,Music,August 3 2018,1.5.0,4.4 and up
391,Online TV CZ/SK PRO,VIDEO_PLAYERS,3.1,167.0,2000.0K,1000.0,Paid,0.99,Everyone,Video Players & Editors,June 21 2018,3.3.2,4.0.3 and up
392,CZ-Cyberon Voice Commander,TOOLS,3.8,131.0,3300.0K,1000.0,Paid,5.99,Everyone,Tools,March 7 2017,3.2.17030601,2.2 and up
393,Tools & Mi Band,HEALTH_AND_FITNESS,4.4,15753.0,13000.0K,100000.0,Paid,3.49,Everyone,Health & Fitness,July 26 2018,3.7.3,4.3 and up
394,King of Math,FAMILY,4.4,766.0,14000.0K,10000.0,Paid,2.99,Everyone,Education;Education,May 22 2018,1.0.11,2.2 and up
395,Peppa Pig: Party Time,FAMILY,3.8,52.0,55000.0K,10000.0,Paid,2.99,Everyone,Educational;Pretend Play,August 8 2017,1.2.1,2.3 and up
396,ACCDB MDB DB Manager Pro - Editor for MS Access,PRODUCTIVITY,3.1,19.0,4500.0K,500.0,Paid,8.99,Everyone,Productivity,November 3 2016,1.0.8,4.0 and up
397,Scale Models DB,TOOLS,4.4,9.0,33000.0K,50.0,Paid,2.99,Everyone,Tools,May 3 2018,0.6.2,4.3 and up
398,10000 Quotes DB (Premium),BOOKS_AND_REFERENCE,4.1,70.0,3500.0K,500.0,Paid,0.99,Everyone,Books & Reference,August 30 2013,1.3,2.1 and up
399,LC-DB,PHOTOGRAPHY,3.0,1.0,2500.0K,10.0,Paid,3.49,Everyone,Photography,October 20 2017,1.0,4.2 and up
400,DC Metro Transit,TRAVEL_AND_LOCAL,4.5,339.0,10000.0K,5000.0,Paid,2.99,Everyone,Travel & Local,May 13 2018,5.11.3,4.1 and up
401,Myth Defense 2: DF Platinum,FAMILY,4.6,1764.0,8300.0K,10000.0,Paid,3.99,Everyone 10,Strategy,June 22 2016,1.3.8,2.3.3 and up
402,Droidbug BusyBox Advance PRO,TOOLS,4.5,2.0,3300.0K,100.0,Paid,3.99,Everyone,Tools,July 19 2018,1.4,4.0.3 and up
403,Penny Finder,SHOPPING,4.2,470.0,4100.0K,10000.0,Paid,2.99,Everyone,Shopping,July 17 2018,1.3.7,4.1 and up
404,DG Surveyor,BUSINESS,3.6,5.0,6800.0K,50.0,Paid,8.99,Everyone,Business,April 30 2018,6.00,4.0.3 and up
405,Penny Puss,TOOLS,3.0,19.0,22000.0K,1000.0,Paid,4.99,Everyone,Tools,July 9 2016,1.911.1944.4606,4.0 and up
406,The DG Buddy,BUSINESS,3.7,3.0,11000.0K,10.0,Paid,2.49,Everyone,Business,June 30 2014,v3,2.2 and up
407,Cameringo Filters Camera,PHOTOGRAPHY,4.6,28107.0,5700.0K,500000.0,Paid,2.99,Everyone,Photography,June 11 2018,2.8.26,4.0 and up
408,Fodbold DK Pro,SPORTS,4.6,315.0,4300.0K,1000.0,Paid,2.99,Everyone,Sports,June 6 2018,2.106.0,4.0 and up
409,Advanced Download Manager Pro,TOOLS,4.7,6505.0,2000.0K,50000.0,Paid,2.99,Everyone,Tools,November 3 2017,6.4.0,4.0 and up
410,Dungeons and Dragons DM Tools,BOOKS_AND_REFERENCE,3.1,50.0,4900.0K,1000.0,Paid,1.99,Everyone,Books & Reference,February 22 2017,2.0,2.3 and up
411,Interactive NPC DM Tool,FAMILY,2.8,5.0,629k,50.0,Paid,0.99,Everyone,Role Playing,January 31 2015,1.0.0,2.3.3 and up
412,Basketball Dynasty Manager 16,SPORTS,4.4,426.0,21000.0K,5000.0,Paid,1.99,Everyone,Sports,June 1 2016,2.2.3,4.0 and up
413,MultiPicture Live Wallpaper dn,PERSONALIZATION,4.3,505.0,288k,10000.0,Paid,1.99,Everyone,Personalization,February 10 2013,0.6.11,2.1 and up
414,Writing Wizard Premium - Handwriting,FAMILY,4.1,89.0,33000.0K,5000.0,Paid,4.49,Everyone,Education;Education,December 3 2017,2.5.0,4.0.3 and up
415,Day Night Live Wallpaper (All),PERSONALIZATION,4.7,4856.0,18000.0K,50000.0,Paid,2.49,Everyone,Personalization,January 31 2018,1.5.3,4.0 and up
416,DRAGON QUEST VIII,FAMILY,4.5,7812.0,27000.0K,50000.0,Paid,19.99,Everyone 10,Role Playing,April 4 2017,1.1.4,4.0 and up
417,DRAGON QUEST III,FAMILY,4.2,1661.0,63000.0K,10000.0,Paid,9.99,Everyone,Role Playing,March 9 2018,1.0.5,4.0 and up
418,LightMeter (noAds),PHOTOGRAPHY,4.6,617.0,12000.0K,10000.0,Paid,1.99,Everyone,Photography,November 22 2016,1.5.10.NA,3.2 and up
419,DRAGON QUEST,FAMILY,4.2,9659.0,30000.0K,100000.0,Paid,2.99,Everyone,Role Playing,March 10 2017,1.0.7,2.3 and up
420,DRAGON QUEST II,FAMILY,4.5,2576.0,44000.0K,10000.0,Paid,4.99,Everyone,Role Playing,March 9 2018,1.0.5,4.0 and up
421,DRAGON QUEST VI,FAMILY,4.4,3358.0,17000.0K,100000.0,Paid,14.99,Everyone,Role Playing,August 1 2018,1.0.4,2.3 and up
422,CHRONO TRIGGER (Upgrade Ver.),FAMILY,3.8,11250.0,6300.0K,100000.0,Paid,9.99,Everyone 10,Role Playing,June 12 2018,2.0.4,4.2 and up
423,FINAL FANTASY DIMENSIONS,FAMILY,4.3,8450.0,1100.0K,100000.0,Paid,13.99,Everyone,Role Playing,March 15 2017,1.1.3,2.3.3 and up
424,myGrow,PRODUCTIVITY,4.6,84.0,23000.0K,1000.0,Paid,4.29,Mature 17,Productivity,April 29 2016,2.3.9,3.2 and up
425,Dr. Panda Farm,FAMILY,4.1,265.0,46000.0K,10000.0,Paid,2.99,Everyone,Education;Pretend Play,July 21 2016,1.0,4.0 and up
426,DR.MEEP,FAMILY,4.4,54.0,33000.0K,500.0,Paid,2.99,Everyone,Puzzle,June 29 2018,1.2,4.1 and up
427,Dr. Panda Art Class,FAMILY,4.2,1013.0,58000.0K,50000.0,Paid,2.99,Everyone,Education;Creativity,April 26 2017,1.7,4.0 and up
428,Dr. Panda's Swimming Pool,FAMILY,4.4,2311.0,9300.0K,100000.0,Paid,1.99,Everyone,Casual;Pretend Play,January 15 2015,1.01,4.0 and up
429,Dr. Panda & Toto's Treehouse,FAMILY,4.4,3397.0,9500.0K,50000.0,Paid,3.99,Everyone,Casual;Pretend Play,December 9 2014,1.8,4.0 and up
430,Dr. Splorchy Presents Space Heroes,GAME,4.6,18.0,31000.0K,100.0,Paid,4.99,Mature 17,Adventure,July 23 2018,1.0,7.0 and up
431,Dr. McDougall Mobile Cookbook,HEALTH_AND_FITNESS,3.8,76.0,1200.0K,1000.0,Paid,4.99,Everyone,Health & Fitness,January 26 2015,1.1,2.2 and up
432,Dr. Seuss's ABC,FAMILY,4.7,429.0,12000.0K,10000.0,Paid,3.99,Everyone,Books & Reference;Education,February 26 2018,2.05,4.0.3 and up
433,Dr. Panda Hospital,FAMILY,4.4,1091.0,45000.0K,50000.0,Paid,2.99,Everyone,Education;Pretend Play,December 5 2013,1.6,2.0.1 and up
434,Dr. Panda Restaurant 2,FAMILY,4.3,3725.0,67000.0K,100000.0,Paid,2.99,Everyone,Educational;Pretend Play,February 17 2016,1.96,4.0 and up
435,Dr. Panda Supermarket,FAMILY,4.2,1357.0,58000.0K,50000.0,Paid,2.99,Everyone,Educational;Pretend Play,February 16 2016,1.6,4.0 and up
436,DraStic DS Emulator,GAME,4.6,87766.0,12000.0K,1000000.0,Paid,4.99,Everyone,Action,July 19 2016,r2.5.0.3a,2.3 and up
437,Deep Sleep Battery Saver Pro,TOOLS,3.9,1417.0,2900.0K,10000.0,Paid,3.28,Everyone,Tools,August 15 2017,5.1,4.1 and up
438,PhotoFrame for Synology DS,PHOTOGRAPHY,4.0,1.0,2600.0K,10.0,Paid,4.99,Everyone,Photography,February 2 2017,1.5,4.0 and up
439,Real Sheet ‚àû: Pathfinder  DT,FAMILY,3.5,2.0,22000.0K,50.0,Paid,2.99,Everyone,Role Playing,March 20 2017,1.1,4.2 and up
440,Bloons TD 5,FAMILY,4.6,190086.0,94000.0K,1000000.0,Paid,2.99,Everyone,Strategy,July 13 2018,3.16,2.3.3 and up
441,The Secret Daily Teachings,LIFESTYLE,4.3,206.0,32000.0K,1000.0,Paid,4.99,Everyone,Lifestyle,February 11 2018,14.0,4.0.3 and up
442,Dirt Trackin Sprint Cars,GAME,3.8,499.0,47000.0K,10000.0,Paid,3.99,Everyone,Racing,May 10 2018,1.0.13,5.0 and up
443,Weather Forecast Pro,WEATHER,4.7,14051.0,8700.0K,100000.0,Paid,3.99,Everyone,Weather,August 4 2018,8.5,4.0 and up
444,Officiel du SCRABBLE LAROUSSE,BOOKS_AND_REFERENCE,3.4,116.0,48000.0K,5000.0,Paid,4.60,Everyone,Books & Reference,October 13 2016,1.4,2.3 and up
445,iCam - Webcam Video Streaming,TOOLS,3.7,770.0,2400.0K,10000.0,Paid,4.99,Everyone,Tools,October 7 2016,1.6.7,2.3 and up
446,DW Contacts widget,TOOLS,4.3,56.0,2000.0K,1000.0,Paid,0.99,Everyone,Tools,June 5 2014,1.1.0.0,2.1 and up
447,Retro City Rampage DX,GAME,4.7,416.0,16000.0K,10000.0,Paid,2.99,Teen,Action,January 12 2017,1.0.5,4.0 and up
448,PORTABLE SOCCER DX,SPORTS,4.4,552.0,1600.0K,5000.0,Paid,1.00,Everyone,Sports,June 19 2018,3.4,2.2 and up
449,ZOOKEEPER DX TouchEdition,FAMILY,4.2,3195.0,4600.0K,100000.0,Paid,0.99,Everyone,Puzzle,November 26 2015,1.2.7,2.1 and up
450,Active Soccer 2 DX,SPORTS,3.6,28.0,48000.0K,500.0,Paid,2.99,Everyone,Sports,March 28 2017,1.0.3,1.5 and up
451,DX Glow - Clock Widget,PERSONALIZATION,4.4,5.0,3400.0K,50.0,Paid,0.99,Everyone,Personalization,March 20 2015,2.0,3.0 and up
452,Dress Up RagazzA13 DX,FAMILY,3.5,13.0,42000.0K,100.0,Paid,0.99,Everyone,Simulation,September 16 2016,1.0.5,4.0.3 and up
453,Unstoppaball DX,FAMILY,4.2,5.0,40000.0K,50.0,Paid,1.49,Everyone,Puzzle,May 20 2014,1.7,2.0.1 and up
454,Sokoban Land DX,FAMILY,3.9,46.0,20000.0K,10000.0,Paid,2.99,Everyone,Puzzle,January 29 2018,1.0.6,2.3 and up
455,Lost Journey (Dreamsky),GAME,4.5,32344.0,29000.0K,1000000.0,Paid,0.99,Everyone,Adventure,October 21 2016,1.3.12,3.0 and up
456,NBA JAM by EA SPORTS‚Ñ¢,FAMILY,4.3,56444.0,43000.0K,500000.0,Paid,4.99,Everyone,Sports;Action & Adventure,February 8 2017,04.00.40,2.3 and up
457,League of Stickman 2018- Ninja Arena PVP(Dreamsky),GAME,4.4,32496.0,99000.0K,1000000.0,Paid,0.99,Teen,Action,July 3 2018,5.3.3,2.3 and up
458,Stickman Legends: Shadow Wars,GAME,4.4,38419.0,100000.0K,1000000.0,Paid,0.99,Everyone 10,Action,August 3 2018,2.3.24,4.1 and up
459,RPG „Éñ„É¨„Ç§„Ç∏„É≥„Ç∞ „ÇΩ„Ç¶„É´„Ç∫ „Ç¢„ÇØ„Çª„É¨„Ç§„Éà,FAMILY,3.4,159.0,3100.0K,1000.0,Paid,10.99,Teen,Role Playing,April 26 2018,2.12,2.3 and up
460,Electrician Calculator Pro,TOOLS,3.9,47.0,270k,1000.0,Paid,14.99,Everyone,Tools,June 3 2014,3.1,1.6 and up
461,EC music dictionary,TOOLS,4.4,20.0,2200.0K,500.0,Paid,1.99,Everyone,Tools,December 29 2014,2.1,3.0 and up
462,Carrier Landings Pro,FAMILY,4.6,5969.0,31000.0K,10000.0,Paid,12.99,Everyone,Simulation,June 29 2018,4.2.4,4.1 and up
463,E.G. Chess,GAME,4.3,56.0,23000.0K,1000.0,Paid,0.99,Everyone,Board,December 6 2014,1.0.28,2.3 and up
464,EG Classroom Decimals‚Ñ¢,FAMILY,3.0,2.0,18000.0K,50.0,Paid,2.99,Everyone,Education;Education,June 12 2017,2.2.2,2.2 and up
465,Inventory & Barcode scanner & WIFI scanner,PRODUCTIVITY,4.6,1880.0,18000.0K,50000.0,Paid,1.49,Everyone,Productivity,July 1 2018,6.08,4.3 and up
466,Learn Music Notes,FAMILY,4.7,143.0,4400.0K,1000.0,Paid,1.99,Everyone,Music;Music & Video,June 17 2018,1.2.1,2.2 and up
467,Farming Simulator 16,FAMILY,4.2,32812.0,14000.0K,500000.0,Paid,2.99,Everyone,Simulation;Education,April 10 2018,1.1.1.6,4.0.3 and up
468,WIZARD Card Game,GAME,4.0,48.0,4100.0K,1000.0,Paid,1.99,Everyone,Card,December 15 2014,1.0.141215,2.1 and up
469,WiFi Tether Router,COMMUNICATION,4.2,5599.0,1300.0K,100000.0,Paid,2.90,Everyone,Communication,July 2 2018,6.2.7,1.6 and up
470,El Chavo,FAMILY,4.0,751.0,49000.0K,10000.0,Paid,0.99,Everyone,Casual,November 4 2014,1.2.9,2.3 and up
471,Trazado de tuberia El Tubero,TOOLS,4.5,313.0,4400.0K,10000.0,Paid,1.97,Everyone,Tools,March 29 2015,4.1,1.5 and up
472,The Game of Life,GAME,4.4,18652.0,63000.0K,100000.0,Paid,2.99,Everyone,Board,July 4 2018,2.1.2,4.4 and up
473,Human Anatomy Atlas 2018: Complete 3D Human Body,MEDICAL,4.5,2923.0,25000.0K,100000.0,Paid,24.99,Everyone,Medical,May 25 2018,2018.5.47,5.0 and up
474,EM Launcher Pro,PERSONALIZATION,4.2,35.0,24k,1000.0,Paid,3.99,Everyone,Personalization,April 2 2016,1.0,4.1 and up
475,Poker Equity Calculator Pro for No Limit Hold'em,GAME,4.0,21.0,14000.0K,5000.0,Paid,0.99,Everyone,Card,September 10 2017,1.3,5.0 and up
476,LocaToWeb - Live GPS tracking,SPORTS,4.6,200.0,3000.0K,1000.0,Paid,2.49,Everyone,Sports,August 2 2018,3.9.1,5.0 and up
477,ai.type keyboard Plus  Emoji,TOOLS,4.5,57076.0,35000.0K,100000.0,Paid,4.49,Everyone,Tools,July 24 2018,Paid-9.4.1.3,4.1 and up
478,The EO Bar,HEALTH_AND_FITNESS,4.7,416.0,34000.0K,10000.0,Paid,6.99,Everyone,Health & Fitness,July 2 2018,1.3.7,4.1 and up
479,Where's My Water?,FAMILY,4.7,188740.0,69000.0K,1000000.0,Paid,1.99,Everyone,Puzzle;Brain Games,July 5 2018,1.16.0,4.2 and up
480,Out There Chronicles - Ep. 1,FAMILY,4.4,1516.0,44000.0K,50000.0,Paid,2.99,Everyone,Role Playing,November 27 2017,1.0.4,4.2 and up
481,Out There Chronicles - Ep. 2,FAMILY,4.5,144.0,70000.0K,1000.0,Paid,2.99,Teen,Role Playing,January 26 2018,1.0.0,4.2 and up
482,Superbrothers Sword & Sworcery,GAME,4.4,11023.0,16000.0K,100000.0,Paid,3.99,Teen,Adventure,January 26 2018,1.0.20,2.3 and up
483,The Great Wobo Escape Ep.1,FAMILY,4.3,11.0,20000.0K,500.0,Paid,1.99,Everyone 10,Action;Action & Adventure,May 3 2016,1.0.3289,4.1 and up
484,Sonic 4‚Ñ¢ Episode I,GAME,3.7,8014.0,37000.0K,100000.0,Paid,2.99,Everyone,Arcade,April 4 2016,1.5.0,2.2 and up
485,ES File Explorer/Manager PRO,PRODUCTIVITY,4.7,81614.0,6600.0K,500000.0,Paid,2.99,Everyone,Productivity,July 11 2018,Pro 1.1.4.1,4.0 and up
486,√âgalit√© et R√©conciliation,NEWS_AND_MAGAZINES,4.9,58.0,3800.0K,500.0,Paid,2.99,Everyone,News & Magazines,May 26 2018,1.1.1,5.0 and up
487,YouCamp EU,TRAVEL_AND_LOCAL,3.4,39.0,32000.0K,1000.0,Paid,2.56,Everyone,Travel & Local,July 20 2013,1.3.1,2.2 and up
488,EU Flags Live Wallpaper,PERSONALIZATION,4.3,444.0,12000.0K,10000.0,Paid,0.99,Everyone,Personalization,November 18 2013,1.95,2.1 and up
489,Campervan.Guide Pro,TRAVEL_AND_LOCAL,4.2,238.0,67000.0K,10000.0,Paid,5.99,Everyone,Travel & Local,June 22 2018,4.6.2,4.1 and up
490,European War 6: 1804,FAMILY,4.2,1330.0,96000.0K,10000.0,Paid,0.99,Teen,Strategy,July 18 2018,1.1.0,4.4 and up
491,XCOM¬Æ: Enemy Within,FAMILY,4.2,13752.0,21000.0K,100000.0,Paid,9.99,Mature 17,Strategy,October 24 2017,1.7.0,4.0 and up
492,Deus Ex GO,FAMILY,4.5,9699.0,23000.0K,100000.0,Paid,0.99,Teen,Puzzle,July 23 2018,2.1.111374,4.2 and up
493,ADWLauncher 1 EX,PERSONALIZATION,4.3,28728.0,2800.0K,500000.0,Paid,2.49,Everyone,Personalization,July 27 2013,1.3.3.9,1.6 and up
494,Device Info Ex Live Wallpaper,PERSONALIZATION,4.1,2645.0,1100.0K,50000.0,Paid,0.99,Everyone,Personalization,December 20 2015,11.0.0,2.1 and up
495,Advanced EX for HYUNDAI,TOOLS,2.7,168.0,170k,5000.0,Paid,4.99,Everyone,Tools,March 14 2015,1.10,1.6 and up
496,Remote EX for NISSAN,COMMUNICATION,2.3,223.0,1000.0K,5000.0,Paid,1.49,Everyone,Communication,July 26 2014,1.3,3.0 and up
497,Advanced EX for MITSUBISHI,TOOLS,2.9,33.0,141k,1000.0,Paid,4.99,Everyone,Tools,August 21 2015,1.1,1.6 and up
498,Advanced EX for KIA,TOOLS,3.3,257.0,160k,5000.0,Paid,4.99,Everyone,Tools,March 14 2015,1.4,1.6 and up
499,Advanced EX for NISSAN,TOOLS,2.9,164.0,144k,5000.0,Paid,4.99,Everyone,Tools,March 14 2015,1.3,1.6 and up
500,Advanced EX for FIAT,TOOLS,3.5,138.0,141k,5000.0,Paid,4.99,Everyone,Tools,March 5 2015,1.6,1.6 and up
501,Advanced EX for RENAULT,TOOLS,2.8,130.0,143k,5000.0,Paid,4.99,Everyone,Tools,March 14 2015,1.1,1.6 and up
502,An Elite Warrior Ex,GAME,4.7,15.0,93000.0K,100.0,Paid,0.99,Everyone,Adventure,November 21 2016,1.59,4.0.3 and up
503,GO Contacts EX Black & Grey,PERSONALIZATION,3.7,21.0,376k,500.0,Paid,0.99,Everyone,Personalization,September 24 2013,1.0,1.6 and up
504,ExDialer PRO Key,COMMUNICATION,4.5,5474.0,17k,100000.0,Paid,3.99,Everyone,Communication,January 15 2014,81.0,2.1 and up
505,Volume Control Ex,TOOLS,4.2,5.0,2500.0K,100.0,Paid,1.49,Everyone,Tools,July 30 2018,1.6.2,4.0 and up
506,Organizer,PRODUCTIVITY,4.4,936.0,5400.0K,50000.0,Paid,2.99,Everyone,Productivity,June 17 2018,2.96,4.0 and up
507,Galaxian(FC),GAME,4.5,2.0,7800.0K,100.0,Paid,1.99,Everyone,Arcade,November 13 2015,1.0,2.3 and up
508,FiSwitch,TOOLS,4.8,615.0,2000.0K,10000.0,Paid,1.99,Everyone,Tools,July 24 2018,5.2,5.0 and up
509,Smart Wi-Fi Hotspot PRO,COMMUNICATION,3.7,197.0,957k,10000.0,Paid,2.99,Everyone,Communication,February 10 2016,1.0,2.2 and up
510,Portable Wi-Fi hotspot Premium,COMMUNICATION,3.7,481.0,420k,10000.0,Paid,0.99,Everyone,Communication,December 16 2015,1.4.0.2,2.3 and up
511,Police Field Interview FI Card,PRODUCTIVITY,4.5,112.0,2400.0K,1000.0,Paid,7.99,Everyone,Productivity,March 16 2017,3.0,4.0.3 and up
512,WiFi Monitor Pro - analyzer of Wi-Fi networks,TOOLS,4.6,85.0,2400.0K,1000.0,Paid,2.99,Everyone,Tools,July 5 2018,1.9,4.0 and up
513,SCI-FI UI,FAMILY,4.7,15.0,3900.0K,100.0,Paid,1.99,Everyone,Entertainment,April 16 2018,0.0.53,1.6 and up
514,Wi-Fi Rabbit Unlock Key,TOOLS,4.5,142.0,26k,5000.0,Paid,1.00,Everyone,Tools,June 26 2011,1.0.0,2.1 and up
515,Kernel Manager for Franco Kernel ‚ú®,TOOLS,4.8,12700.0,10000.0K,100000.0,Paid,3.49,Everyone,Tools,August 3 2018,3.2.5,5.0 and up
516,Ray Financial Calculator Pro,FINANCE,4.0,67.0,2400.0K,10000.0,Paid,2.99,Everyone,Finance,July 3 2017,4.0,3.2 and up
517,FL SW Fishing Regulations,SPORTS,4.6,60.0,24000.0K,1000.0,Paid,1.99,Everyone,Sports,March 7 2014,1.03,2.2 and up
518,Florida Tides & Weather,WEATHER,3.8,30.0,2000.0K,1000.0,Paid,6.99,Everyone,Weather,May 6 2015,2.0.0,2.3 and up
519,FL Racing Manager 2015 Pro,SPORTS,4.4,656.0,22000.0K,5000.0,Paid,0.99,Everyone,Sports,March 12 2016,0.858,3.0 and up
520,FL Racing Manager 2018 Pro,SPORTS,4.3,340.0,15000.0K,5000.0,Paid,1.99,Everyone,Sports,March 17 2018,1.18,3.0 and up
521,Circle Colors Pack-FN Theme,PERSONALIZATION,4.2,6.0,89k,50.0,Paid,0.99,Everyone,Personalization,August 9 2013,1.0,2.2 and up
522,Fruit Ninja Classic,GAME,4.3,85468.0,36000.0K,1000000.0,Paid,0.99,Everyone,Arcade,June 8 2018,2.4.1.485300,4.0.3 and up
523,Fast Tract Diet,HEALTH_AND_FITNESS,4.4,35.0,2400.0K,1000.0,Paid,7.99,Everyone,Health & Fitness,August 8 2018,1.9.3,4.2 and up
524,Trine 2: Complete Story,GAME,3.8,252.0,11000.0K,10000.0,Paid,16.99,Teen,Action,February 27 2015,2.22,5.0 and up
525,sugar sugar,FAMILY,4.2,1405.0,9500.0K,10000.0,Paid,1.20,Everyone,Puzzle,June 5 2018,2.7,2.3 and up
